drug_name,is_exclusion
3chenes asthe 1000,True
3chenes bois bande,True
3chenes efirub coup de froid,True
3chenes flatuplexin,True
3chenes myocalm c special crampes,True
3chenes myocalm contractions musculaires,True
3chenes osteophytum,True
3chenes somniplex,True
3chenes spray nasal 7 actifs,True
able spacer,True
ac fusidique,False
acarilbial,True
acefyl,False
acelodon p,False
acerola,True
acerumen,False
acfol,True
aciclovir aciclovir arrow,False
acidaxil,False
acide fusidique,False
acide niflumique,False
aciloc,False
aclav,False
aclav e,False
aclav enf,False
aclav sach,False
acretin ou tretinex,True
acticarbine,False
actimag,False
actinac,False
actisoufre,True
actisoufre nasal,False
active denk,True
acumol,False
acupan,False
acupan ou tramadol,False
acyclovir,False
aderma,True
adione,False
adione mg,False
adna,True
adna actif sbb,True
adna active,True
adna active de,True
adna active denk,True
adna allaitement,True
adna antiplaque,True
adna c,True
adna ca,True
adna de,True
adna diabete,True
adna essentiel,True
adna essentiels,True
adna funugrec,True
adna ginseng,True
adna grossesse,True
adna vit,True
adna vit c,True
adna vit c calcium,True
adna vitamine,True
adna vitamine c,True
adoxin,False
adrien gagnon calcium extra fort avec vitamine d,True
advil,False
advilmed,False
advilsirop,False
aerius,False
aerius ou genset,False
aerius pellic,False
aero chambre,True
afine,False
afine c,False
aftagel,False
aftagel buccal,False
aftagelpommade,False
age,True
agiderm,False
agiderm pommmade,False
aiguille novofine mm,True
aiguilles novotwist,True
airlix,False
airtal,False
ajouter,True
akerol,False
albact,False
albela,False
alben,True
alben gh,True
alben gsk,True
albendazole,True
albendazole cpe,True
alcof c,False
alcool 70 %,True
alcool bleu,True
alcool iode 1%,True
alcool pediatre,True
alcool steril 70 %,True
aldactone,False
aldomet,False
aldomet enrobe,False
alerbix,False
alergosone,False
alfamox,False
alginate arow,False
alginate arrow,False
alginate de sodium,False
alginate de sodium arrow,False
alginate sodium,False
algofene,False
allerbix,False
allercet,False
allergiflash,False
allergine,False
allergosone,False
allergosone buvab,False
allergyl,False
allopurinol,False
almax,False
almax sh,False
almox,False
alofact,False
alphagan,False
alphavit,True
alpraz,True
altraflam,False
alugosone,False
alvityl,True
alvityl tonus,True
alvityl vitalite,True
alzol,True
amaday,False
amaday pl,False
amapine,False
amarel,False
ambrolite,False
ambrolite gs,False
amfocin,False
amifer,True
aminopep,True
amitron,False
amlo vh,False
amlodipine,False
amlodipine bgr,False
amlodipine gh,False
amlong,False
amlopamide,False
amloperin,False
amodipine,False
amox,False
amox acide clav,False
amox clav,False
amox clav denk,False
amox disp,False
amox disper,False
amox gh,False
amoxi,False
amoxi clav,False
amoxi denk,False
amoxicillin,False
amoxicilline,False
amoxicilline arrow pellic,False
amoxicilline creat,False
amoxicillline,False
amoxiclav denk,False
ampi,False
amplex,False
amtiba,False
amuchina,True
amva denk,False
anacaps expert,True
andol,False
andol c doliprane vit c,False
angi,False
anginovag,False
anginovag collutoire,False
angiovag,False
angispray,False
angyspray,False
anomex,False
anomex kit,False
antadys,False
antalgex,False
antalgex t,False
anthelios fluid,True
anticid,False
antigone,False
apazide,False
apdrops,False
apdrops dx,False
apdyl,False
apdyl h,False
apetamin,True
apexime,False
apflu,False
apflu sache,False
apidra,False
apifen,False
appetamine,True
appetine,True
apramol,False
aprofort,False
aprovel,False
aqualarm,False
aqualarm ud,False
aqualarm ud intensive,False
aqualarm up,False
aqualarm up hyfresh,False
aqualarm up intensive,False
aqualarm up ou larmabak,False
arcoxia,False
arphos,True
artane,False
artefan,False
artefan artrim,False
artegen,False
artelac,False
artiflex,False
artrim,False
artrim gh,False
ascabiol,False
ascard,False
ascofer,True
asmocid,False
asmoflam,False
aspegic,False
aspegic pdre or,False
aspegic sach,False
aspegic sacht,False
aspirin cardio,False
aspirine,False
aspirine cardio,False
aspirine cardio ou aspirine dose,False
aspirine upsa,False
aspirine upsa vitaminee c tamponnee effervescente,True
astaph,False
asthalex,False
asthe,True
astyfer,True
astymin,True
astymin c,True
astymin cgouttes,True
astymin sn,True
asu denk,False
atarax,True
atarax pellic litacold sommeil,True
atelle du genou droit,True
atepadene,False
atoderm huile de douche,True
atorfit,False
atropine,False
attelle chevillere ligastrap,True
attelle poignet valva,True
augmentin,False
augmentin enft,False
aureo,False
aureomycine,False
auricularum,False
auromox duo,False
avamys,False
avas,False
avaxim,False
avazir,False
avene cspf t,True
avene fluid,True
avlocardyl,False
axaban denk,False
az,False
azarga,False
azibact,False
azicur,False
azicure,False
azicure ml,False
azient,False
aziet,False
azilide,False
azit,False
azithrin,False
azithrine,False
azithro,False
azithro gh,False
azithro mp,False
azithromycine,False
azithromycine dose unique,False
azitrine,False
azitro,False
azitro gh,False
azix,False
azixs,False
azole - 4 %,True
azopt,False
azro,False
azyter,False
azythro,False
babysoin,True
bacqure,False
bacqure poudre perfuseur,False
bactoclav,False
bactoclav poudre,False
bactox aceclav,False
bactrim,False
bain de bouche,True
bande,True
bande de gaz,True
bande gaz,True
bande velpeau bandelette accu chech,True
bandelette c,True
bandelettes accu chek,True
baneocin,False
baneocin pmd,False
baneocin poudre,False
bariederm d'uriage,True
bas de contention,True
baume saint bernard,True
becotide,False
becozyme,True
bekracine,False
bepanthen,False
bepanthene pmmde,False
berocca energie,True
berroca,True
betaderm,False
betadine,True
betadine de,True
betadine dermique,True
betadine gyneco,True
betadine gyneco necessaires,True
betadine gynecologique avec necessaire,True
betadine jaune,True
betadine rouge,True
betadine scrub,True
betadine vert,True
betadine verte,True
betamethasone arrow,False
betamethasone gh,False
betaserc,False
betastene,False
betastenegouttes,False
bethametasone,False
betnovex,False
bi oragin,False
bi orangin,False
biafine,False
biakof,False
biba,True
biba multivit,True
biberon,True
biberon en verre,True
biberon luc et lea,True
bicar,True
bicarbonate,True
bicarbonate de sodium,True
bicarbonate de sodium poudre,True
bicarbonate de soude,True
bidontogyl,False
bilaxten,False
bilor,False
binozyt ou azicure,False
bio rithmo,True
biobalance lumiskin,True
biobalance super glow,True
biofar,True
biofar ace,True
biofar ca,True
biofar cal mag,True
biofar calcium,True
biofar calcium magnesium,True
biofar chrome complex,True
biofar fer,True
biofar magnesium,True
biofar mineraux,True
biofar multi,True
biofar multivit,True
biofar multivitamines,True
biofar sans sucre vitamines mineraux,True
biofar vit c,True
biofar vit c zinc,True
biofar vit min,True
biofar vitamines mineraux biofar vitamines mineraux t,True
biofar vitamines vit c,True
biofar zinc,True
biofar zinc vit c,True
bioferon,True
biolane change,True
biomartal,True
biomartial,True
biomatial,True
bion 3 defense,True
bioritmo,True
bioritmo samp,True
biotic,False
biparfen,False
biplatrix,True
biplatrix x,False
bipreterax,False
biprofenid,False
biprofenid cprimes,False
bisoprolol,False
bisoprolol gh,False
bispirazole,False
bleu,True
bleu de methylene,True
blokium,False
boncipro,False
boostex,True
brimo,False
bromazepam,False
broncathiol,False
bronquidiazina,False
brosse souple pour,True
brossette inter dentaire,True
brossettes interdentaires,True
broxol,False
brufen,False
brulex,False
brustan,False
bruzo kid,False
buccothymol,True
buccothymol de,False
buto asma,False
c,True
c tri,True
c tri injection,True
c vit,True
ca,True
ca c sandoz,True
ca orange,True
cac orange,True
cacit vitamine d3,True
cal c vita,True
calben,True
calci denk,True
calcibronat,True
calcid denk,True
calcipotriol betamethasone calcium,True
calcium active,True
calcium magnesium,True
calcium sandoz,True
calcium vitamine d3,True
calgen,True
calgen pllee,True
calgin,False
calm,True
calmacide,False
calseptine,False
calseptine pastille,False
calsource,True
camvit,True
canaflucan,False
candid,False
candid poudre,False
canne anglaise,True
captopril,False
captum free style,True
cara flucau,True
carbactive,False
carbigen,False
carbo,False
carbocisteine,False
carbocisteine arrow,False
carbosylane,False
carbosymag,False
carbotoux,False
cardox,False
carnet,True
carnet de sante,True
carteol,False
cartilamine,False
catacol,False
cataflam,False
catheter,True
catheter bleu,True
catheter bleu sparadra,True
catheter jaune,True
catheter rose,True
catheter rose bleu,True
catheters jaunes,True
cebrotonin,False
cefexim,False
cefexol,False
ceficap,False
cefidis,False
cefim,False
cefixim,False
cefixim gh,False
cefixime,False
cefolac,False
ceftri,False
celebid,False
celebrex,False
celestene,False
celestene goutts,False
celestene ou betnovex,False
celestene ou equivalent,False
celliflore,True
celofen,False
cepodem,False
cerazette,True
certherpes,True
cerulyse,False
cetafor,False
cetamyl,False
cetraxal,False
cetraxal otico,False
cetrizine,False
cevit,True
cexolan,False
cezin,False
chambre d'hinalateur masque,True
chambre d'inhalation asle spicer,True
chambre d'inhalation avec masque adapte,True
chambre d'inhalation masque:,True
chambre d'inhalation rossmax orange,True
chambred'inhalation,True
charbon belloc,False
chericof,False
chibro cadron,False
chibro cadron collyr,False
chibroxine,False
chlorhexidine,True
chlorhexidine aqueuse,True
chlorhydrate d'heptaminol,False
chlorhydrate heptaminol,False
chlorure de sodium,True
chlorure de sodium pna,True
choltec,False
chondrogen,False
cica m,True
cica pmd,True
cicalfate,True
cicaplast,True
cicaplast baume,True
cifran,False
cifran ct,False
cifran ubi,False
ciloxan,False
ciloxan ou rifamycine,False
ciloxan pdel,False
ciloxan pomd,False
cimelid,False
cinet,False
cipro,False
cipro denk,False
ciproas,False
ciproas tz,False
ciprofloxaciine,False
ciprofloxacin,False
ciprofloxacin accord pellic,False
ciprofloxacine,False
ciprofloxacine accord,False
ciprofloxacine ubigen,False
cipromed,False
cipromed tz ciprozol,False
ciprozole,False
ciptin,False
citrate de betaine,False
clamox,False
clamoxyl,False
clarithro gh,False
claritron,False
clarityne,False
clariva,False
clartec,False
clarus,False
clavam,False
clavicin xr,False
clavuject,False
clavumoccid,False
cleanace mousant,True
cleanance,True
cleanance hydra d'avene,True
cledomox,False
cliptol,False
cliptol crem,False
clobex,False
clomid,False
clomifex,False
clomigen,False
clomilen,False
clotri denk,False
clotrimazol,False
co amoxiclav,False
co aprovel,False
co arinate,False
co avazir,False
coartem,False
codoliprane,False
cofantrine,False
colchicine,False
colchicine ou colchimax,False
colcibra,False
cold cream naturel,True
colicalmil,False
colinil,False
collier cervical en mousse,True
colosar denk,False
colseptine,False
combifrinil,False
combimal,False
combinal,False
compres sterile,True
compreses steriles compress compresse,True
compreses x cm,True
compresse sterile,True
compresse steriles pm compresses,True
compresse x,True
compresses steriles,True
compresses steriles pm,True
compresses x cm,True
conasec,False
conceptio,True
conceptio femme,True
concor amlo,False
constilax,True
constilex,True
coquelusedal,False
coquelusedal suppos,False
cordarone,False
corneregel,False
corneregel oph,False
correctol,False
cortancyl,False
cortis,False
corvasal,False
cotareg,False
cotipred,False
cotipred ou predni,False
coton,True
coton alcool pedia,False
cotrex,False
cotri,False
coveram,False
coversyl,False
coxiwood,False
cozaar denk,False
crestor,False
croisard,False
croiscard,False
cromax,False
cromolex,False
crosscal,False
curacne,True
curacne ge,True
curacne molle,True
curam,False
curam st,False
cure flash,True
curtec,False
cutacnyl,True
cuterpes,False
cuticell,True
cyclo,False
cyclodex,False
cystine b6,True
cyteal,True
cyteal gm,True
cyteal grd format,True
cyteal ou till,True
cyteal pm,True
cyteal savon,True
cyteal savon liquide,True
cyvax,False
dacryoserum,True
dacryoserum dosette de,True
dacryoserum lavage,True
dacryoserum p lavage opht,True
daflon,False
dafrazol,False
dakel kit,False
dakin,True
dakin cooper pm,True
dakin cooper stabilise,True
dakin pm,True
daktarin,False
daktarin buccal,False
daktarin emulgel,False
dap,False
daxol,True
dazel kit,False
de change,True
debridat,False
decoderm,False
decoderm tri,False
decontractyl baume ,True
defal,False
defal gts,False
deller,False
depakine,False
depakine chrono,False
depiwhite acm,True
dermatose,False
dermia d,False
dermia salicia,False
dermia salicia crem,False
dermobacter,True
dermobacter moussant,False
dermofix,False
dermosalic,False
dermosone,False
dermoval,False
deroxat,True
desarrol,True
deslo deslor,False
deslora,False
deslora bgr,False
deslora denk,False
deslora gh,False
desloratadine,False
desloratadine bgr,False
desloratadine biogaran,False
desloratadine gh,False
desomedine,False
desyrel,True
detensiel,False
detensirel,False
dexaprin,False
dexchlo,False
dexchlor dexchlorpheniramine,False
dexeryl,True
dexerylcreme,True
dexorich,True
dexpure,False
dextro,True
dexyane,True
dexyane baume,True
dexyane baumme emollient,True
dexyane med,True
diamicron,False
diamox,False
diane cdrg,False
diantalex,False
diastop,False
diazepam,True
dicetel,False
diclaval,False
diclo,False
diclo denk,False
diclo pharma dicloced diclofenac diclowal,False
dicynone,False
dicynone ou equivalent,False
dietaz,False
difenasol,False
differine,True
diflucan,False
diflustero,False
digest haleine,True
dipara,False
diprolene,False
diprosalic,False
diprosone,False
diprostene,False
diprostene inectable en seringue pre remplie,False
dislep,False
dislepamp,False
dismigras,False
dispamox,False
dispamox dis,False
distem,False
dolamine,False
dolbufen,False
dolcare,False
dolex,False
dolimex,False
dolimex gorge gingembre,True
doliprane,False
doliprane codeine,False
doliprane effer,False
doliprane efferalgan,False
doliprane gr,False
doliprane gram efferves,False
doliprane pediatrique,False
doliprane sach,False
doliprane sht,False
doliprane sqchets,False
doliprane vit c,False
dolipraneg,False
dolipraneg cp,False
dolodent,False
doloforte,False
doloforte denk,False
doloforte denk ou t dol,False
dologan,False
dologan denk,False
dologel,False
dologel buccal,False
dologel gingival,False
dolormin,False
doloseptyl,True
dolospasm,False
dolotren,False
dolowin,False
dompawood,False
donormyl,True
dontomycine,False
dornomyl,True
dostinex,True
dotarem,False
doulerex,False
doxy,False
doxy alto,False
doxy denk,False
doxyatco doxycycline,False
drenoxol,False
drill,False
drill pastille sans sucre,False
drill pastilles,False
drill pastilles sans sucre,False
drill rhume,False
drill rhume ou rinogrip sans sucre,False
drill toux seche,False
drillpastille,False
duotrav,False
duphalac,True
duphalac sac,True
duphalac sacht,True
duphaston,False
dupholac,True
duspatalin,False
dycinone,False
dyldes,False
dynamogen,True
dynamogne,True
dynapar,False
dynapar ec,False
dynapar ou genforte,False
dynapar paracetamol diclo,False
dynapar qps,False
dysen,False
e upsa c,True
easetec,False
easy mom grossesse,True
eau oxygene,True
econazole,False
ecorex,False
ecorex lot,False
effaclar,True
effaclar duo m,True
effaclar duo spf,True
effaclar moussant,True
effederm,True
effederm,True
effederm pour cent,True
effeeralgan,False
efferalg cod,False
efferalgan,False
efferalgan cod,False
efferalgan codeine,False
efferalgan effer,False
efferalgan effert,False
efferalgan mg,False
efferalgan ou doliprane,False
efferalgan p,False
efferalgan ped,False
efferalgan pedaitrique,False
efferalgan pediatric,False
efferalgan pediatrique,False
efferalgan tab,False
efferalgan vit c,False
efferalgan vitamine c,False
efferalgann,False
efirub,False
efirub sh,False
eflavyl,True
elastro m,True
elastroplast,True
elgydium blancheur,True
elgydium blancheur pate dentifrice,True
elgydium gencive sensible,True
elgydium multi action,True
elgydium souple,True
elgydium souple brosse a dent,True
elica,False
elica pmd,False
ellya,True
ellya intima,True
ellya intime,True
eludril,True
eludril de,True
eludril pro,True
eludril pro de,True
emcof,False
emla,False
empagliflozin,False
enfagrip,False
engerix,False
enhacin,False
enhancin,False
enrouex,False
entamizol ds,False
entamizole,False
entamizole ds,False
enteral,False
eosine,True
eosine aqueuse,True
epiduo,True
eric favre special kid,True
ery,False
eryfluid,True
eryfluid lot,True
erythro,False
erythromycine,False
escodyne,True
esi melatonine pure,True
esidrex,False
esomecro,False
esomed,False
esomeprazole,False
esomeral,False
ether,True
eucarbon,False
euphon,True
euphon menthol,True
euphon pastille,True
euphon pastilles maux de gorge,True
euphytose,True
eurythmic,False
euvax ou engerix,False
exforge,False
exoderil,False
exofene,True
exofene pdr,True
exomuc,False
ext,False
exten,False
exten iu,False
extencilline,False
exxib,False
ezomuc,False
fansidar,False
faside,False
fazol,False
febrex tm,False
febrilex,False
febstat,False
fedate,True
feldene,False
femifer,True
femigeston,False
fenugrec vz,True
fer,True
fercefol,True
feremi,True
ferfoltone,True
fero denk,True
ferox,True
ferplex,True
ferrex,True
ferro denk,True
ferrox,True
fertilo,True
fervex,False
fervex enft,False
fervex sat,False
fervex schet,False
fervex sht,False
fervex st,False
ferzol,True
fevastin,False
fexford,True
fil de suture,True
fil dentaire sensodyne,True
fil en nylon,True
fils cheveux,True
fixim,False
flagentyl,False
flagyl,False
flagyl ov,False
flagyl pellic,False
flagyl perf,False
flatoril,False
flatuplexin,False
flatuplexin ch,False
flatuplexin sacht,False
fleming,False
flexdol,False
flexpar,False
flexpro extra,False
flixonase,False
flixonase doses,False
flixonase ou nasoaldo,False
flixotide,False
flixotide d,False
flixotide dose,False
flixotide doses,False
flixotide nasal,False
flixotide ou equivalent,False
florine,False
flotac,False
flub,False
flubenda,False
flubenda gh flubendazole,False
flubendazole gh,False
fluca,False
flucano denk flucanozole,False
flucap,False
flucazol,False
flucazol pdr flucazole,False
flucess,False
fluco,False
flucogen,False
flucon,False
flucona denk,False
fluconazole,False
fludex,False
fluditec,False
fludol,False
fludol dm,False
fludol exp,False
fludol expectorant,False
fludol p,False
fludolsp,False
flugen,False
flumicid,False
fluocaril,True
fluocarill de,False
fluomizin,False
flur,False
flustaph,False
flutiair,False
fluticasone,False
fluticasone propionate dose sus p,False
fluticasone propionate doses p inhal,False
fluvermal,True
fluxonase nasales,False
folifer,True
folligraf,True
forlax,True
forlax sach,True
formate,False
fortaline,True
fortil citron miel,True
fortrans,True
forxiga,False
frakidex,False
frakidex ou tobradex,False
fridial,False
fructines,True
fructose,True
fucidine,False
fucidine pour cent,False
fucidine t,False
fucithalmic,False
fuclo,False
fumafer,True
fumafer pellicule,False
fusibact,False
fusidine,False
galvus,False
galvusmet,False
gamalate,True
gant,True
gants steriles,True
gardenal,False
gaspral,False
gaspral dislep,False
gastricid,False
gastrogel,False
gatistar,False
gaviscon,False
gaviscon ou alginate de sodium,False
geltim,False
gelusil,False
genacid,False
genclav,False
genclav sh,False
genclav sht,False
genes,True
genes fer,True
genes vit,True
genes vit c,True
genes vit magnesium,True
genes vit multi,True
genes vit zinc,True
genfort,False
genforte,False
genforte gh,False
genkid essentiel,True
genoulliere,True
genpar,False
genpar perf,False
genset,False
genset cop,False
genset ou bilaxten,False
gensil,False
gensil dentifrice,False
gensil huile,False
gensil lactation,False
genskin,True
genskin eclat,True
genskin poudre,True
genskin savon,True
genskin savon exfoliant,True
genskin solaire,True
genskin vit e,True
genta,False
gentalline gentasol,False
genvas,False
gestane,True
gestane cap,True
gestarelle,True
gestarelle allaitement,True
gestarelle grossesse,True
ginkocer,False
glide,False
glide m,False
gluconate de calcium lavoisier,False
glucophage,False
glucose,False
glucose aguettant,False
glucovance,False
glyss,True
glyss supp,True
gommage yafa,True
gorpils,True
gorpils citron,True
gorpils citron miel,True
gorpils menthol eucalyptus,True
gorpils orange,True
gorpils pastille,True
gorpils pastilles,True
goupillon,True
gramocef,False
gramocef o,False
gripex,False
gripex jour,False
gripex sach,False
gripex schet,False
gripex sht,False
grippe water,False
grisefuline,False
griseo,False
griseo salicylee,False
griseofulvine,False
griseopharm,False
guaflex,False
guarana,True
guronsan,True
gvia m,False
gyala,False
gynanfort,False
gynanfort ov,False
gynanfort ovle,False
gynecline,False
gyno mycolex,False
gynomax,False
gynomax ovl gynophilus,False
gynospan,False
haemup,True
haldol,True
haldol decanoas,True
haleflu,False
halflu,False
halopara,False
halospa s,False
hapenz,True
havrix,False
havrix nourrisson et enfant,False
havrix ou avaxim,False
havrix ou avaxim pediatrique,False
hc nex,False
hec ou homeoplasmine,True
helicidine,False
helicocin,False
helmintox,True
helmintox sach,True
hemafer,True
hemafer effervescents,True
hemafer fol,True
hemafer folcp a croquer,True
hemogen l,True
hemoplasmin,True
hemorex,False
hemorex kit,False
heparine calcique,False
hepazyme,True
hexaspray,False
hexaxim,False
hexaxim vaccin,False
hexidine,True
hexidine de,True
hexigel,False
hexomedine,True
hextril de,True
histagan,False
histagan srp,False
hosto,True
huile d'amande douce,True
huile de paraffine,True
huile de parafine,True
huile gomenolee,True
huile lavande ducray,True
huile lavante dexyane,True
huile lavante neutraderm relipid,True
huile lavante neutraderm relipidant,True
humex collutoire,False
humex mal de gorge,False
humex miel citron,True
humex pastilles,False
hydratec,False
hydravit,False
hydrocortisone,False
hyfresch ou polyfresch,False
hyfresh,False
hyfresh cole,False
hyfresh colllyre,False
hypafix,True
hypafix moyen,True
hypafix pm,True
hyperium,False
i dol rapide,False
i frais,False
ibex,False
ibumol,False
ibumol comps,False
ibumol coprimes,False
ibuprof,False
ibuprofen,False
ibuprofen gh ibuprofene,False
ibuprofene gh,False
ibuprofene vir,False
iclof,False
ictyane eclat,True
icyane hd,True
ideos,True
idol,False
idol supo,False
idol supp,False
ilax,True
ilax e,False
imenor,False
imenor ou imeth,False
immard,False
immodium,False
immun active,True
immun active denk,True
immunoplex n,False
immunorho,True
imodium,False
imox,False
imurel,False
indapril,False
indocinex,False
indocollyre,False
inexium,False
inofer,True
inovair,False
instaclop,False
intimy lubrifiant,True
intra nul rose,True
iohexol,False
ioprost,False
ipozole,False
ipproton,False
irex,True
isolone,False
isone,False
isoptine,False
ixine,False
iz,False
izalga,False
izalgi,False
jersey metre,True
jour yafa,True
joyclav,False
juva boost,True
juvamine,True
juvamine 11 vitamines +7 mineraux,True
juvamine 11 vitamines +9 mineraux,True
juvamine 12 vitamines +9 mineraux,True
juvamine action minceur 4 en 1,True
juvamine aide transit rhubarbe,True
juvamine appetit tonus,True
juvamine boost,True
juvamine booster,True
juvamine c,True
juvamine curcuma chondroitine glucosamine,True
juvamine fizz mag+vit b2 b6 b1,True
juvamine fizz vitamine c vitamine d calcium,True
juvamine ginseng tonus,True
juvamine gold,True
juvamine gold vit c,True
juvamine kids,True
juvamine magnesium,True
juvamine melatonine,True
juvamine melatonine passiflore,True
juvamine multiv,True
juvamine multivit,True
juvamine taurine,True
juvamine tonus,True
juvamine vit c,True
kaleorid,False
kazol,False
kcl,False
kefotax,False
kelo cote,True
keozol,False
keracnyl moussant,True
keracnyl uv,True
ketesse,False
ketoderm,False
ketoderm moussant,False
ketoderm shampoing,False
ketoflex,False
ketonal,False
ketonex,False
ketoprofen,False
ketoprofen gh,False
ketoprofene,False
ketoprofene gd,False
ketoprofene gh,False
ketum,False
ketum loc t dose,False
kid soulag doux,True
kidoo,True
kinafon,False
kinal,False
kinal codeine,False
kit dentaire,True
kit exerese,True
kit perf,True
kit perf seringue cc,True
kit perfalgan trabar,True
kit perfuseur,True
kit perfuseur serigue,True
kit sro zinc,True
klipal,False
klipal codeine,False
kof clean,False
l mesitran,True
lacoma,False
lacoma t,False
lacteol,False
lacteol pdre p en dose,False
lactiv,True
lactive,True
lactoex,True
laino,True
lamaline,False
lame bistouri,True
lamisil,False
lamotrigine,False
lamotrigine arrow,False
lansinoh,True
lantus,False
lantus solostar,False
lantus u,False
largactil,True
laridox,False
larmabak,False
larmes,False
larmes opht,False
laroscorbine,True
laroxyl,True
lasilix,False
latano,False
latanocom,False
lavage,False
leeloo continu,True
lemonex,False
leos,False
lerin,False
lesstrol,False
letrozole,True
leutrien,False
levemir,False
levobact,False
levofloxacine,False
levonox,False
levophta,False
levophta colllyre,False
levothyrox,False
levotop,False
lexomil,True
libido lady denk,True
libido women,True
lidene,True
lioresal,False
lipanthyl,True
lipikar,True
lipikar ap baume,True
lipikar ap m baume,True
lipikar ap u baume,True
lipikar baume,True
lipikar baume ap m,True
lipikar huile lavante,True
lipikar pain,True
lipikar savon,True
lipikar u baume,True
lipikar urea,True
liposic,False
liposic opht,False
liposic ophtalmique,False
liposic pmd,False
lirapyn,False
litacold,False
litacold bame,False
litacold baume,False
litacold baume bebe,False
litacold bbaume,False
litacold douleur,False
litacold j et n,False
litacold jour et nuit,False
litacold jour nuit,False
litacold max nuit,False
litacold nasal,False
litacold nuit,False
litacold nuit max,False
litacold respi,False
litacold rhume,False
litacold rhume jour nuit,False
litacold rhume nuit et jour,False
litacold vaporub bebe,False
litacold vapour,False
litacold vapour rub,False
litacold vapour rub bebe,False
litamol,False
locapred,False
locapred pommad,False
locapred pour cent,False
locatop,False
locatop peitel locapred,False
locoid,False
lodoz,False
lof,True
lofnac,False
lofnac p,False
lolip,False
lomexin,False
lonexin,False
loprost,False
lorinol,False
losofen,False
lovenox,False
loxen,False
loxen a liberation prolongee,False
loxtra,False
loxtra colllyre,False
lubrifiant vaginal man,True
lubrinex,False
ludeal ge,True
lukagen,False
lumirelax,False
lumiskin serum biobalance,True
lutenyl,True
lysoflam,False
lysoflam ou adilpara,False
maalox,False
maalox sach,False
maalox sh,False
macromax,False
macromax azix,False
mag,True
mag 2,True
mag 2,True
mag ii,True
mag marin,True
mag up 24h,True
maglife,True
magne,True
magne denk,True
magnes,True
magnes active,True
magnes active denk,True
magnes denk,True
magnes denk active,True
magnes direct,True
magnes direct denk,True
magnes marin magnesium,True
magnesium biofar,True
magnesium chlorure cpf,True
magnesium marin,True
magnesium ripharma,True
magnesium vit,True
magnoral,True
magnoral ampl,True
malacur,False
maloxine,False
maltofer,True
malva,False
manix lubrifiant,True
marie diallo repousse,True
marimer,True
marimer baby hygiene nasale quotidienne,True
marimer baby rhume rhinopharyngite,True
marimer bebe,True
marimer hygiene,True
marimer hygiene nasale quotidienne,True
marimer hypertonique,True
marimer nasal,True
marimer nasale,True
marimer rhume rhinopharyngite,True
marimer spary nasal,True
masque yafa,True
materiel perf,True
maxiclav,False
maxidrol,False
maxidrol ohpta,False
maxidrol pd,False
maxidrol pmd,False
maxidrol pom ophtalm,False
maxilase,False
maxilase ou equivalent,False
maxillase,False
maximag,True
meben,True
meben gh,True
mebendazole,True
meclon,False
meclon ov,False
mediclav,False
medigesic,False
medrol,False
megacef,False
megacid,False
megalis,True
megamylase,False
megamylase ou equivalent,False
melascreen cencentre,True
melascreen depigmentant,True
melatonine pharma,True
melex,True
melocam,False
meloxicam,False
menactra,False
menactra seringue a insuline,False
menectra,False
menopur,True
mepivacaine,False
mequi gh,False
metagen,False
meteospasmyl,False
meteoxane,False
metformin denk,False
metformine,False
metformine denk,False
metformine gh,False
methotrexate,False
metro,False
metro gh,False
metro mg,False
metronidazole,False
mg plus,True
mg2 plus,True
micozal,False
microgynon fe,True
microlax,True
microlax bebe,True
microval,True
miel,True
migretil,False
minidril,True
minoxidil bailleul p appl cut,True
miorel,False
miorel cprimes,False
miorel cps,False
miso,False
misoclear,False
misoclear mcg,False
misodia,False
mixtard,False
mmetranidazole,True
modopar,False
moken,True
molgam,False
molutrex,True
mometasone arrow,False
mometasone nasale,False
monkast,False
monoprost,False
montec,False
monuril,False
motilium,False
mouche bebe,True
moxifloxe,False
mucogyne,False
mucomyst,False
mucomyst sach,False
mucopain,False
mukestat,False
multical,True
multical sach,True
multivit,True
mumfer,True
muscurel,False
mycocide,False
mycoderme,False
mycoderme t,False
mycolex,False
mycoster,False
mycoster loc,False
mycoster pmd,False
mycoster poudre,False
mycoster pour application cutane,False
mycoster pour application cutanee,False
mycoster ver,False
mycoster vernis,False
mydriaticum,False
mynocine,False
myocalm,False
myoxeril,False
n t tus,False
n.t.tus,False
naabak,False
naaxia,False
nabyol,False
nan-,True
naproxene,False
nasal spray 7 actifs,True
naso gh enft,False
nasoaldo,False
nasoaldo ou nasonex naso gh,False
nasonex,False
nasonex d,False
nasonex doses,False
nasonex ds,False
nasonex nasal,False
nasonex nasale,False
nasonex pn,False
nasonex pulv nas,False
nasonex pulverisation,False
natecal vitamine d3,True
natura gold,True
naturex,False
naturex roll on nan,False
nauselium,False
nausicalm,False
nealgyl,False
nebilong am,False
nebutamol,False
neex,False
nelazox,False
nemozole,False
neo,True
neocip,False
neocodion,False
neofixim,False
neomox,False
neopred,False
neovital,True
nervit,True
netazox,False
netazox disp,False
netazox disper,False
nettoyant yaffa,True
neubutamol,False
neucipro,False
neuclav,False
neuclox,False
neuesome,False
neuesome d,False
neufer,True
neuheptavit,True
neuibu p,False
neulopat,True
neulora,False
neumetro,True
neurispe,True
neurobion,True
neurodol,False
neurodol r,False
neurogab,False
neurogil,False
neurola,False
neurontin,False
neusome d,False
neutraderm,True
neutraderm baume relipidant,True
neutraderm hydradant,True
neutraderm hydratante,True
neutraderm intime,True
neutraderm pain,True
neutraderm pain surgras,True
neutraderm pm,True
neutraderm psavon liquide,True
neutraderm relipid pls,True
neutraderm savon surgras,True
neutraderm surgras,True
neutrocold,False
neutropar,True
neutrum serum physio,True
nidazol,False
nidazole,False
nifedi denk,False
nifedipine denk,False
niflugel,False
nifluril,False
nifluril supp,False
nim,False
nitrate d'argent,True
nomyc,False
nomyc ou,False
nonyc,False
norflozole,False
norlevo,True
normacol,True
normet,False
normet ou norflozol,False
normix,False
normocardil,False
nospa,False
novalgin,False
novalgine,False
novex,False
novoclin,False
novoclin st,False
novocling,False
novomix,False
novophane,True
novorapid,False
novorapide,False
nucleo cmp,False
nuflugel,False
nugel,False
nugel ss,False
nuit yafa,True
nupenta,False
nupenta dsr,False
nurabol,True
nuravit,True
nursie confort,True
nursie expertise,True
nystatine,False
nystatine ov,False
o max sro,True
ocugard,True
ocuguard,True
odia,False
odia ou irys ou diapride ou glimeron,False
odia ou irys ou ou geron,False
oedes,False
oedes mg gelule,False
oesdes,False
ofiken,False
oflocet,False
oflocet auric,False
oflomac,False
oflomac od,False
oflomac oz,False
ofloswiz o,False
ofloxacine,False
ofusidic,False
ogestan,True
olfen,False
oligobs,True
oligobs allaitement,True
oligobs grossesse,True
oligobs grossesse oligobscp,True
olopat,False
omax,True
omefer,True
omegen,False
omepral,False
omepral gh,False
omeprazol,False
omeprazole,False
omeprazole vir,False
omicap,False
omit,False
omiz,False
omizec,False
omnipaque,False
one v kit,True
opatanol,False
opatanol colr,False
optidex t,False
optiflox,False
optifresh,False
optimol,False
optipred,False
optiserum,False
optiserum monodoses,False
optovisc,False
orange,True
orchazid,False
orelox,False
orelox doses,False
oreperidys,False
orex,False
orex sl,False
orocef,False
orofer,True
oroken,False
oroken enfants poudre pour,False
oroken suso,False
oroperidys,False
oroperidys cpe,False
orozamudol,False
oscar,False
oscare,True
osmogel,False
osmule,False
osmule sacht,False
osmule sro,False
ospamox,False
ospen,False
osteophytum,True
otipax,False
otipax auric,False
otofa,False
otolaya,False
otrivine,False
otrivine inhalation,False
otrivine nasale,False
ov power,True
ovitrelle,True
ovumix,False
ovumix ov,False
ovumix ovle,False
oxalair,False
oxclav,False
oxiclav,False
oxyboldine,False
oxyde zinc,True
oxyplastine,True
oxytroy,False
oziben,False
paidofebril,False
paidoterin,False
pain dermatologique,True
paindoterain,False
paluva,False
panado extra,False
panadol,False
panadol actifast,False
panadol advance,False
panadol extra,False
panadol extra advance,False
panalgic,False
panalgic codeine,False
panalgic cpe,False
panalgic extra,False
panderm,False
panol,False
panotile,False
panto denk,False
pantonex,False
pantonex dr,False
pantopral,False
pantopral d pantoprazole et domperide pantotab,False
para,False
para amox,False
paracet paracetamol,False
paracetamol pediatrique,False
paracetamol perf paraco denk,False
paradontax,True
paradontax pate,True
parib c,False
parodontax,True
parodontax dentifrice,True
parogencyl soin gingival intensive pate dentifrice,True
parol,False
passedyl,False
pasyf,True
pectogen,False
pediakid appetit tonus,True
pediakid bebe gaz stick,True
pediakid calcium c+ stick,True
pediakid fer plus vit b,True
pediakid fer vit,True
pediakid immun,True
pediakid nez et gorge,True
pediakid nez gorge,True
pediakid probiotique,True
pediakid sommeil,True
pediakid transit doux,True
pediakid vit d,True
pediakid vit d buvab,True
pediakid vitamine,True
pediakid zing,True
pediavit,True
pedifen,False
peitel,False
pentasa granules grammes,False
pentasa lavement,False
pepsane,False
pepsane sach,False
peptex,False
perfalgan,False
perfalgan dynapar,False
perfalgan trabar perfelgan spasfon,False
perfuseur,True
perfuseur bandelette glycemique,True
perfuseur catheter bleu,True
perfuseurs,True
peridys,False
perinam,False
perindogen,False
perispam,False
perispasm,False
perispasm ou phloro,False
permanganate de potassium en,False
pervaryl,False
pervital,True
pevagine,False
pevagine pevagine,False
pevaryl,False
pevaryl poudre,False
pharmatex,True
pharmentin xr,False
phartrim,False
phenergan,False
phloro,False
phlorogex,False
phorogex,False
phydiodose embout,True
physiodose,True
physiodose filtre mouche bebe,True
physiodose serum,True
physiodose serum physiologique,True
physiolac,True
physiorelax ultra heat,True
phytoral,False
phytoral savon,False
phytoral shamp,False
phytoral shampoing,False
phytoral shp phytoralshampoo,False
piascledine,False
pigmeuclav crem,True
pinkoo,False
pinkoo pediatriq,False
piroxicam,False
plaquenil ou immard,False
pneumovax vaccin,False
poche a urine,True
polaramine,False
poloramine,False
polydexa,False
polyfresh,False
polygynax,False
polygynax ov,False
polygynax ovul,False
polygynax vaginale,False
polygynax virgo,False
polygynax virgo vierge,False
positon,False
positon pmd,False
potassium,False
potenciator,True
poudre exophene,True
poupon gaz,True
poupon gaz/ballonnement,True
prazol,False
prazole,False
predni,False
prednisolone,False
prednisolone biogaran prednisone,False
pregabalin,False
pregabalin gh,False
pregabaline,False
pregasafe,False
prenatal,True
prenatal denk,True
prenatal dha,True
prenatal dha denk,True
prenatal dsl,True
prenursie,True
prevenar,False
primalac,True
primalac ac,True
primalan,False
primalan mequitazine,False
primalan srp,False
primicort,True
primolut nor,False
princi,True
priorix,False
probeta n,False
probiotiques lactobacilles,True
profenid,False
profenid supp,False
profenol,False
progesterone,False
progesterone gh,False
progynova ou provames,False
propanolol,False
propofan,False
propranolol,False
propranolol eg,False
protexim,False
protexium,False
proton,False
proviron,True
prurex,False
pulmicort,False
pulmicort p inhal,False
pulmicort pour inhalation,False
pyostacine,False
pyralvex,False
pyralvex ou equivalent,False
pyrantel,False
pyrantel gh,False
quinolox,False
quintana,False
ra thermoseal,True
ra thermoseal pate gingivale,True
rabeloc,False
rabemac,False
rabemac dsr,False
rabetar,False
raciper,False
raldol,False
ramipril,False
ramipril gh,False
ramithiadzide,False
ramithiazide,False
ranferon,True
ranferon nan,True
ranophage od,False
rantudil,False
rapiclav,False
rapidex,False
rapidex saceht,False
rbc,True
renerve,False
renerve p,False
rental,True
renutryl booster cafe,True
resifuran,False
respibien,False
respimax,True
restriva,False
restriva spasfon,False
reumoxican,False
revital,True
revital cop,True
revitalose,True
revitalose a,True
revitalose a dose,True
revitalose ab,True
revitalose ample,True
revitalose sans sucre,True
rhinathiol,False
rhinathiol promethazine,False
rhinathiol toux grasse,False
rhinex,False
rhinex flash,False
rhinex flash fludol,False
rhinofluimucil,False
rhinogrip,False
rhinolaya,True
rhinolaya kids,True
rhinolaya nas,True
rhinolaya protect,True
rhinomaxil,False
rhinomaxil microgrammes,False
rhinoparol,False
rhumix,False
rhumix sach,False
rhuvex,False
rhuvex ad,False
ribatran,False
richefer,True
richfer,True
rifa,False
rifamycine,False
rifamycine collre,False
rifamycine pd,False
rifamycine pmd,False
rinasan,False
rinathiol,False
ringer,False
ringer lactate,False
rinialer,False
rinogrip,False
rinogrip sacht,False
rinogrip sans sucre,False
rinogrip sh,False
rinomicine,False
rinomicine sach,False
rinomicine saht,False
rinomicine sht,False
rinosan,False
ripharma vit c,False
risperidone,False
rituximab,False
rl,False
rocgel,False
rocmaline,True
roipar,False
roipar grippe,False
roipar vitamine c adulte orange,True
roivit fer plus vitamine c,True
roivit multivit,True
roivit multivitamines,True
roivit vitamine c,True
rolicin,False
romac,False
ronalin,False
rosu denk rosukaa rosumac rosutor rosuvastatin,False
rova rovamycine,False
rovamycine cps,False
rovator,False
roxyl,False
rubix,False
rulid,False
rupharma vit c,True
s,True
safex kit,False
saforelle,True
saforelle intime,True
saforelle lavant,True
saforelle pm,True
saforelle pour toilette matin et soir,True
saforelle savon liquide,True
saforelle soin lav duo 100ml plus crem apais off,True
saforlle,True
salazopyrine,False
salbutamol,False
salbutamol aerosol,False
salbutamol aersl,False
salbutamol pour inhalation salbutus,False
salbutus gm,False
salvatis,True
salvatis poudre,True
saniver ou terzol,False
sapasmo apotel,False
saphir,False
saphir ou augmentin,False
sargenor vitamine c,True
sat,True
sat vat,False
savon,True
savon de,True
savon lipikar,True
savon nettoyant yafa,True
savon neutraderm,True
savon noura,True
savon pot,True
savon solubacter liquide,True
savon surgras lipikar,True
savon t,True
savon topicrem pain surgras,True
savon topicreme mela,True
sayana,True
scabiol,False
sebionex pain dermato,True
sebionex spf,True
secalia ato balm,True
securil,True
securil press,True
secuvit,True
sedasteril creme lav,True
sedatif pc,True
sedorrhoide,False
sedorrhoide pm,False
sekalgic,False
sekisan,False
sekrol,False
sels de rehydratation,False
sepcen,False
septimyl,True
septimyl pulv,True
septyl,True
serenatal,True
seretide,False
seretide aerosol,False
seretide diskus,False
serignue,True
serignue cc,True
serigue cc,True
seringue,True
seringue a insuline,True
seringue cc,True
seringue cc xilo eppi,True
seringue ccc,True
seringue eppi xylo,True
seringues,True
seringues cc,True
serum phy,True
serum physiologique,True
serum physiologique physiodose,True
serum physiologique seringue,True
serum sale isotonique ssi,True
"serum sale o,9%.",True
sg,False
sg vitagen,False
sg%,False
silotrif,False
singulair,False
sintrom,False
sitrus,True
sitrus vit c,True
skiacol,False
skiacol c,False
skilax,True
skilax gout,True
skinet,False
smecta,False
smecta sach,False
smecta sacht,False
smecta sh,False
soclav,False
soclav enft,False
soclav sach,False
soclav sacht,False
soclav sht,False
soclav st,False
sodium bicarbonate,True
sofbande,True
solcer,False
solexim,False
solfer,True
solubacter,True
solupred,False
solute,False
somniplex,True
sonde foley ch,True
sonde jj,True
sonde urinaire poche,True
sophtal,False
sparadrap,True
sparadrap de metre,True
spasfon,False
spasfon apotel,False
spasfon lyoc,False
spasfon lyoc lyoph,False
spasmo apotel,False
spasmo apotel cpme spasmocalm spasmotroy,False
special kid appetit tonus,True
special kid immunite,True
special kid multi,True
special kid multivitamines,True
special kid nasal spray,True
special kid nez gorge,True
special kid sommeil,True
special kids nutri,True
speciphique femme,True
spiralide,False
spirex,False
spirinolactone,False
spiromide,False
spironolactone altizide,False
sporalim,False
sporalim lot,False
spradrap,True
sro,False
sro zinc,False
ssi,False
ssi cc,False
ssi vitagen,False
stamaril dose,False
staphypen,False
stayong plus,True
steack levre ictyane,True
stelatopia huile lavant,True
sterdex,False
sterimar,True
sterimar allergique,True
sterimar baby,True
sterimar bb sol nas aer,True
sterimar eau de mer,True
sterimar hygiene,True
sterimar hygienique,True
sterimar nasal,True
sterimar nasale,True
sterimar nasales,True
sterimar nez,True
sterimar nez allergique,True
sterimar nez sujet aux rhumes,True
sterimar pompe,True
sterimar pompe nasale,True
sterimar pulv,True
sterimar rhume,True
stilnox,True
stimogene,True
stimol,True
stimol ab,True
stimol aple,True
strepsils miel citron,True
stresam,True
strimol extra,False
structum,False
sucria,True
sulrid,True
super cal zinc,True
supplin,False
supradyn,True
supralox,False
surdex,False
surecure,True
surlid,True
swicet l,False
swilide,False
symbicort,False
symbicort aerosol,False
symbicort pompe,False
symbicort pulv,False
symbicort turbuhaler,False
symbicort ur,False
synariam,False
syngab,False
syngap,False
synriam,False
t dol,False
t dol p,False
t dol p rapid,False
t dol p rapide,False
tadagen,True
tadaman,True
taflupro,False
taladol p,False
talodol p,False
tanagel,False
tanakan,False
tanganil,False
tanganyl,False
taraxet,True
tardyferon,True
tardyferon ou fercefol,True
tardyferon pellicule,True
taxim o,False
tegretol,False
teguma,False
teinture d'iode,True
telmikaa h,False
temerit,False
temesta,False
tenormine,False
tensoplast,True
tensoplast cm x,False
tensoplus,False
ter diclo p,False
teramox,False
terbigen,False
terbigen gh,False
terbinafine,False
terbinol,False
terclav,False
terclav enfts,False
tercox,False
tergynan,False
tergynan gyneco,False
terlomexin,False
teromep,False
terpara,False
terpine,False
terpone,False
terpone ad,False
terzol,True
test,True
tetatox,True
tetavax,False
tetavin serum antitetanique,True
tetraxim,False
tetraxim vaccin,False
thermoflash,True
thermometre electronique,False
thermoseal,True
thiobactin,False
thyrozol,False
tiberal,False
ticasse,False
ticket consultation,True
till,True
till gm,True
till moussante,True
till savon liquide,True
till slt,True
tinazol,False
tinidazole,False
tiorfan,False
tiorfan smecta,False
titanoreine,False
titanoreine tube,False
tobradex,False
tobradex ophta,False
tobradex ou chibro cadron,False
tobradex pmme,False
tobrex,False
top desir gelu bt60,True
top virgin gelu bt60,True
topicrem,True
topicrem ac nettoyant,True
topicrem ac soin equilibrant,True
topicrem baume,True
topicrem da baume,True
topicrem da protect,True
topicrem pv ds,True
topicrem sun protect,True
topicrem ultra,True
topicreme surgras,True
topilane ad baume,True
topilane ad huile,True
toplexil,False
tothema,True
trabar,False
tracedol,False
tradyferon,True
tramacetal,False
tramadis,False
tramadol,False
tramadol p arrow,False
tramagen,False
tramagene,False
tramapa,False
tramapa p arrow,False
tramapara arrow,False
transit double action,False
tranxene,True
travatan,False
travonorm,False
travonorm ioprost cexolan,False
trebon,False
trebon n,False
tremadol,False
tremadol p arrow,False
trenaxa,False
tresiba,False
tresorix,False
tretinex,True
tretrinex,True
trialgic,False
triam,False
tributine,False
tributine sac,False
tricef,False
tricoz,False
triflo,False
triflon,False
trillerg,False
trimebutine,False
trimebutine arrow,False
trimebutine sht,False
trimetabol,False
trimetabolsp,False
trinordiol brique,True
trinordiol plaquette,False
trio white xp,True
triplixam,False
trofocard,True
trofocard max,True
troycal,True
troynoxa,False
troypanto,False
tussisedal,False
twinzol,False
typhim iv,False
typhim iv en seringue preremplie,False
typhim vaccin,False
typhim vi,False
ubimed,False
ubiorofen ubigen,False
ulcizone,False
ulcizone com p,False
ultra levure,False
ultramox,False
ulzocer,False
unozit,False
uperio,False
upracid,False
upradone,False
upsa,True
upsa c,True
upsa c comps efft,True
upsa c sans sucre,True
upsa vit c,True
upsa vitamine c,True
utergin,False
utrogestan,False
uvedose,True
uverdose vit d,True
uvesterol,True
uvesterol adec,True
uvimag,True
vaccin antitetanique,False
vaccin rabique pasteur,True
vaccin tetanique,True
vaccin tetanique pasteur,True
vagi gh,False
vagicare,False
vagimilt,False
vagigel gel vaginal tube35g,True
vagimilt ovle vagisil,False
vancomycine,False
vaporub,True
varivax,False
vaseline,True
vaseline blanche,True
vaseline officinale,True
vaseline pure codex,True
vaseline salicylee,True
vasimult,False
vastarel,False
vat,False
vaxigrip tetra,False
vegebom,True
vegebom baume bebe,True
vegebom bebe,True
vegebom creme tonifiante effet chauffant,True
vegebom savon,True
veinosmyl,False
veliten,False
venosmil,False
ventesyl,False
ventoline,False
ventoline aerosol,False
ventoline dose,False
ventoline inhalateur,False
ventoline nebulisation,False
ventoline ventoline,False
verax blu,False
verex,True
vermox,True
verorab,True
verumal vernis,False
verzol,True
verzole,True
vesicare,False
vibrocil,False
vibrocil goutts,False
vibrocil nasale,False
vicks vaporub,True
vicombil,True
vicryl,True
vidoxa,True
vidoxa savon,True
vifex,False
vik vitc,True
virgan ophtalmique,False
virimax,True
visceralgine,False
viscodril,False
vit,True
vit a faure,True
vit c,True
vit c cpr 500mg bt100 creat,True
vit c upsa,True
vit denk,True
vit k,True
vit k2 nour,True
vita c,True
vitabact,False
vitafact,True
vitafer,True
vitagen,True
vitagene,True
vitaglobine,True
vitamin 22 cure flash 7 jours,True
vitamin special femme,True
vitamine,True
vitamine c,True
vitamine fer,True
vitamine k,True
vitamine roche,True
vitamines specific homme,True
vitapetine,True
vitascorbol,True
vitavit,True
vitc vitk,True
vitmaine specific femme,True
vivagest,True
vogalene,False
vogalene bebe,False
vogalene goutts,False
vogalene gttte,False
vogalene supp,False
vogalene supppo,False
volini,False
voltarene,False
voltarene emulgel,False
voltfast,False
vonbio gastro,False
vorivox,False
vovgel,False
vovgel t,False
voxcib,False
warimazol,False
warimazol ov,False
welvit,True
wormin,False
x clage,True
xaban,False
xalatan,False
xarelto,False
xenetix,False
xeracalm a d,True
xeracalm concentre apaisante,True
xeracalm huile lavante,True
xeracalm nutrition,True
xola,False
xolamol,False
xumadol,False
xykaa,False
xykaa action rapide,False
xykaa ef,False
xykaa ext,False
xykaa extend,False
xykaa extra,False
xykaa mr,False
xykaa rapid,False
xykaa rapide,False
xylar,False
xylo acino,False
xylo mepha xylocaine,False
xylocaine bucc,False
xyzall,False
yendol,False
yendol n,False
yendol sht,False
zaditen,False
zalain,False
zamox,False
zamox st,False
zamudol,False
zanextra,False
zeben,True
zeclar,False
zenavan,False
zenmag,True
zentel,True
zerodol,False
zerodol p,False
zinc,True
zinc oz,True
zinc sro,True
zincat,True
zincat od,True
zinnat,False
zirtec,False
zithromax,False
zithrotel,False
zithrotil,False
zobenol,True
zocin,False
zocin sht zocinsp,False
zolmitriptan biogaran,False
zomoz,False
zopan,False
zopan ds,False
zovirax,False
zyloric,False
zyltan,False
zyltan am,False
zynocet,False
zyrtec,False
zytram,False